<?xml version="1.0" encoding="UTF-8" ?>
<!DOCTYPE mapper PUBLIC "-//mybatis.org//DTD Mapper 3.0//EN" "http://mybatis.org/dtd/mybatis-3-mapper.dtd" >
<mapper namespace="com.cf.mapper.UserMapper" >
  <resultMap id="BaseResultMap" type="com.cf.pojo.User" >
    <id column="id" property="id" jdbcType="BIGINT" />
    <result column="username" property="username" jdbcType="VARCHAR" />
    <result column="password" property="password" jdbcType="VARCHAR" />
    <result column="phone" property="phone" jdbcType="VARCHAR" />
    <result column="email" property="email" jdbcType="VARCHAR" />
    <result column="created" property="created" jdbcType="TIMESTAMP" />
    <result column="updated" property="updated" jdbcType="TIMESTAMP" />
  </resultMap>
  <sql id="Base_Column_List" >
    id, username, password, phone, email, created, updated
  </sql>
  <select id="selectByPrimaryKey" resultMap="BaseResultMap" parameterType="java.lang.Long" >
    select 
    <include refid="Base_Column_List" />
    from user
    where id = #{id,jdbcType=BIGINT}
  </select>
  <delete id="deleteByPrimaryKey" parameterType="java.lang.Long" >
    delete from user
    where id = #{id,jdbcType=BIGINT}
  </delete>
  <insert id="insert" parameterType="com.cf.pojo.User" >
    insert into user (id, username, password, 
      phone, email, created, 
      updated)
    values (#{id,jdbcType=BIGINT}, #{username,jdbcType=VARCHAR}, #{password,jdbcType=VARCHAR}, 
      #{phone,jdbcType=VARCHAR}, #{email,jdbcType=VARCHAR}, #{created,jdbcType=TIMESTAMP}, 
      #{updated,jdbcType=TIMESTAMP})
  </insert>
  <insert id="insertSelective" parameterType="com.cf.pojo.User" >
    insert into user
    <trim prefix="(" suffix=")" suffixOverrides="," >
      <if test="id != null" >
        id,
      </if>
      <if test="username != null" >
        username,
      </if>
      <if test="password != null" >
        password,
      </if>
      <if test="phone != null" >
        phone,
      </if>
      <if test="email != null" >
        email,
      </if>
      <if test="created != null" >
        created,
      </if>
      <if test="updated != null" >
        updated,
      </if>
    </trim>
    <trim prefix="values (" suffix=")" suffixOverrides="," >
      <if test="id != null" >
        #{id,jdbcType=BIGINT},
      </if>
      <if test="username != null" >
        #{username,jdbcType=VARCHAR},
      </if>
      <if test="password != null" >
        #{password,jdbcType=VARCHAR},
      </if>
      <if test="phone != null" >
        #{phone,jdbcType=VARCHAR},
      </if>
      <if test="email != null" >
        #{email,jdbcType=VARCHAR},
      </if>
      <if test="created != null" >
        #{created,jdbcType=TIMESTAMP},
      </if>
      <if test="updated != null" >
        #{updated,jdbcType=TIMESTAMP},
      </if>
    </trim>
  </insert>
  <update id="updateByPrimaryKeySelective" parameterType="com.cf.pojo.User" >
    update user
    <set >
      <if test="username != null" >
        username = #{username,jdbcType=VARCHAR},
      </if>
      <if test="password != null" >
        password = #{password,jdbcType=VARCHAR},
      </if>
      <if test="phone != null" >
        phone = #{phone,jdbcType=VARCHAR},
      </if>
      <if test="email != null" >
        email = #{email,jdbcType=VARCHAR},
      </if>
      <if test="created != null" >
        created = #{created,jdbcType=TIMESTAMP},
      </if>
      <if test="updated != null" >
        updated = #{updated,jdbcType=TIMESTAMP},
      </if>
    </set>
    where id = #{id,jdbcType=BIGINT}
  </update>
  <update id="updateByPrimaryKey" parameterType="com.cf.pojo.User" >
    update user
    set username = #{username,jdbcType=VARCHAR},
      password = #{password,jdbcType=VARCHAR},
      phone = #{phone,jdbcType=VARCHAR},
      email = #{email,jdbcType=VARCHAR},
      created = #{created,jdbcType=TIMESTAMP},
      updated = #{updated,jdbcType=TIMESTAMP}
    where id = #{id,jdbcType=BIGINT}
  </update>
</mapper>